Vial,Particle_type,Species,Replicate,Trial,O2_uptake rate(umol L-1 h-1),after minus MQ slope,Daily_O2,POC_mass(ug),POC_concentration(ug L-1),POC_concentration(umol L-1),k(d-1),Bacterial count
GHA3-1,Aggregate,G. huxleyi ,3,1,-0.953992722,1.034572722,24.82974532,31.614,1580.7,131.6153206,0.188653914,168
GHA3-2,Aggregate,G. huxleyi ,3,2,-1.255905538,1.336485538,32.07565291,35.292,1764.6,146.9275604,0.2183093,163
GHA3-3,Aggregate,G. huxleyi ,3,3,-0.938351187,1.018931187,24.45434848,4.616,230.8,19.2173189,1.272516141,169
GHA3-4,Aggregate,G. huxleyi ,3,4,-1.318331646,1.398911646,33.57387949,25.3702,1268.51,105.621149,0.317870803,170
SKA3-2,Aggregate,S. costatum,3,2,-0.599830775,0.677450775,16.25881861,3.188,159.4,13.27227311,1.225021402,212
SKA3-4,Aggregate,S. costatum,3,4,-1.272687579,1.350307579,32.4073819,11.9392,596.96,49.70524563,0.651991183,180
